sale_id,sale_date,product_id,product_name,category,channel,unit_price,quantity,returned_quantity
1,2026-09-01,1,無線滑鼠,電腦周邊,實體門市,500,18,0
2,2026-09-01,2,機械鍵盤,電腦周邊,校園團購,1200,11,0
3,2026-09-01,3,USB集線器,電腦周邊,網路商店,650,22,0
4,2026-09-01,4,藍牙耳機,影音設備,實體門市,1800,7,1
5,2026-09-01,5,藍牙喇叭,影音設備,校園團購,1500,18,0
6,2026-09-01,6,網路攝影機,影音設備,網路商店,1100,11,0
7,2026-09-01,7,行動電源,行動配件,實體門市,900,7,0
8,2026-09-01,8,手機支架,行動配件,校園團購,300,18,0
9,2026-09-01,9,充電器,行動配件,網路商店,700,11,1
10,2026-09-01,10,筆電支架,電腦周邊,實體門市,800,22,0
11,2026-09-02,1,無線滑鼠,電腦周邊,校園團購,500,25,0
12,2026-09-02,2,機械鍵盤,電腦周邊,網路商店,1200,18,0
13,2026-09-02,3,USB集線器,電腦周邊,實體門市,650,11,0
14,2026-09-02,4,藍牙耳機,影音設備,校園團購,1800,14,1
15,2026-09-02,5,藍牙喇叭,影音設備,網路商店,1500,7,0
16,2026-09-02,6,網路攝影機,影音設備,實體門市,1100,18,0
17,2026-09-02,7,行動電源,行動配件,校園團購,900,14,0
18,2026-09-02,8,手機支架,行動配件,網路商店,300,7,1
19,2026-09-02,9,充電器,行動配件,實體門市,700,18,0
20,2026-09-02,10,筆電支架,電腦周邊,校園團購,800,11,0
21,2026-09-03,1,無線滑鼠,電腦周邊,網路商店,500,14,0
22,2026-09-03,2,機械鍵盤,電腦周邊,實體門市,1200,25,0
23,2026-09-03,3,USB集線器,電腦周邊,校園團購,650,18,0
24,2026-09-03,4,藍牙耳機,影音設備,網路商店,1800,3,1
25,2026-09-03,5,藍牙喇叭,影音設備,實體門市,1500,14,0
26,2026-09-03,6,網路攝影機,影音設備,校園團購,1100,7,0
27,2026-09-03,7,行動電源,行動配件,網路商店,900,21,1
28,2026-09-03,8,手機支架,行動配件,實體門市,300,14,0
29,2026-09-03,9,充電器,行動配件,校園團購,700,7,0
30,2026-09-03,10,筆電支架,電腦周邊,網路商店,800,18,0
31,2026-09-04,1,無線滑鼠,電腦周邊,實體門市,500,21,0
32,2026-09-04,2,機械鍵盤,電腦周邊,校園團購,1200,14,0
33,2026-09-04,3,USB集線器,電腦周邊,網路商店,650,25,0
34,2026-09-04,4,藍牙耳機,影音設備,實體門市,1800,10,1
35,2026-09-04,5,藍牙喇叭,影音設備,校園團購,1500,3,0
36,2026-09-04,6,網路攝影機,影音設備,網路商店,1100,14,1
37,2026-09-04,7,行動電源,行動配件,實體門市,900,10,0
38,2026-09-04,8,手機支架,行動配件,校園團購,300,21,0
39,2026-09-04,9,充電器,行動配件,網路商店,700,14,0
40,2026-09-04,10,筆電支架,電腦周邊,實體門市,800,7,0
41,2026-09-05,1,無線滑鼠,電腦周邊,校園團購,500,28,0
42,2026-09-05,2,機械鍵盤,電腦周邊,網路商店,1200,21,0
43,2026-09-05,3,USB集線器,電腦周邊,實體門市,650,14,0
44,2026-09-05,4,藍牙耳機,影音設備,校園團購,1800,17,1
45,2026-09-05,5,藍牙喇叭,影音設備,網路商店,1500,10,1
46,2026-09-05,6,網路攝影機,影音設備,實體門市,1100,3,0
47,2026-09-05,7,行動電源,行動配件,校園團購,900,17,0
48,2026-09-05,8,手機支架,行動配件,網路商店,300,10,0
49,2026-09-05,9,充電器,行動配件,實體門市,700,21,0
50,2026-09-05,10,筆電支架,電腦周邊,校園團購,800,14,0
51,2026-09-06,1,無線滑鼠,電腦周邊,網路商店,500,17,0
52,2026-09-06,2,機械鍵盤,電腦周邊,實體門市,1200,28,0
53,2026-09-06,3,USB集線器,電腦周邊,校園團購,650,21,0
54,2026-09-06,4,藍牙耳機,影音設備,網路商店,1800,6,2
55,2026-09-06,5,藍牙喇叭,影音設備,實體門市,1500,17,0
56,2026-09-06,6,網路攝影機,影音設備,校園團購,1100,10,0
57,2026-09-06,7,行動電源,行動配件,網路商店,900,6,0
58,2026-09-06,8,手機支架,行動配件,實體門市,300,17,0
59,2026-09-06,9,充電器,行動配件,校園團購,700,10,0
60,2026-09-06,10,筆電支架,電腦周邊,網路商店,800,21,0
61,2026-09-07,1,無線滑鼠,電腦周邊,實體門市,500,24,0
62,2026-09-07,2,機械鍵盤,電腦周邊,校園團購,1200,17,0
63,2026-09-07,3,USB集線器,電腦周邊,網路商店,650,28,1
64,2026-09-07,4,藍牙耳機,影音設備,實體門市,1800,13,1
65,2026-09-07,5,藍牙喇叭,影音設備,校園團購,1500,6,0
66,2026-09-07,6,網路攝影機,影音設備,網路商店,1100,17,0
67,2026-09-07,7,行動電源,行動配件,實體門市,900,13,0
68,2026-09-07,8,手機支架,行動配件,校園團購,300,6,0
69,2026-09-07,9,充電器,行動配件,網路商店,700,17,0
70,2026-09-07,10,筆電支架,電腦周邊,實體門市,800,10,0
71,2026-09-08,1,無線滑鼠,電腦周邊,校園團購,500,13,0
72,2026-09-08,2,機械鍵盤,電腦周邊,網路商店,1200,24,1
73,2026-09-08,3,USB集線器,電腦周邊,實體門市,650,17,0
74,2026-09-08,4,藍牙耳機,影音設備,校園團購,1800,20,1
75,2026-09-08,5,藍牙喇叭,影音設備,網路商店,1500,13,0
76,2026-09-08,6,網路攝影機,影音設備,實體門市,1100,6,0
77,2026-09-08,7,行動電源,行動配件,校園團購,900,20,0
78,2026-09-08,8,手機支架,行動配件,網路商店,300,13,0
79,2026-09-08,9,充電器,行動配件,實體門市,700,6,0
80,2026-09-08,10,筆電支架,電腦周邊,校園團購,800,17,0
81,2026-09-09,1,無線滑鼠,電腦周邊,網路商店,500,20,1
82,2026-09-09,2,機械鍵盤,電腦周邊,實體門市,1200,13,0
83,2026-09-09,3,USB集線器,電腦周邊,校園團購,650,24,0
84,2026-09-09,4,藍牙耳機,影音設備,網路商店,1800,9,1
85,2026-09-09,5,藍牙喇叭,影音設備,實體門市,1500,20,0
86,2026-09-09,6,網路攝影機,影音設備,校園團購,1100,13,0
87,2026-09-09,7,行動電源,行動配件,網路商店,900,9,0
88,2026-09-09,8,手機支架,行動配件,實體門市,300,20,0
89,2026-09-09,9,充電器,行動配件,校園團購,700,13,0
90,2026-09-09,10,筆電支架,電腦周邊,網路商店,800,6,1
91,2026-09-10,1,無線滑鼠,電腦周邊,實體門市,500,27,0
92,2026-09-10,2,機械鍵盤,電腦周邊,校園團購,1200,20,0
93,2026-09-10,3,USB集線器,電腦周邊,網路商店,650,13,0
94,2026-09-10,4,藍牙耳機,影音設備,實體門市,1800,16,1
95,2026-09-10,5,藍牙喇叭,影音設備,校園團購,1500,9,0
96,2026-09-10,6,網路攝影機,影音設備,網路商店,1100,20,0
97,2026-09-10,7,行動電源,行動配件,實體門市,900,16,0
98,2026-09-10,8,手機支架,行動配件,校園團購,300,9,0
99,2026-09-10,9,充電器,行動配件,網路商店,700,20,1
100,2026-09-10,10,筆電支架,電腦周邊,實體門市,800,13,0
101,2026-09-11,1,無線滑鼠,電腦周邊,校園團購,500,16,0
102,2026-09-11,2,機械鍵盤,電腦周邊,網路商店,1200,27,0
103,2026-09-11,3,USB集線器,電腦周邊,實體門市,650,20,0
104,2026-09-11,4,藍牙耳機,影音設備,校園團購,1800,5,1
105,2026-09-11,5,藍牙喇叭,影音設備,網路商店,1500,16,0
106,2026-09-11,6,網路攝影機,影音設備,實體門市,1100,9,0
107,2026-09-11,7,行動電源,行動配件,校園團購,900,23,0
108,2026-09-11,8,手機支架,行動配件,網路商店,300,16,1
109,2026-09-11,9,充電器,行動配件,實體門市,700,9,0
110,2026-09-11,10,筆電支架,電腦周邊,校園團購,800,20,0
111,2026-09-12,1,無線滑鼠,電腦周邊,網路商店,500,23,0
112,2026-09-12,2,機械鍵盤,電腦周邊,實體門市,1200,16,0
113,2026-09-12,3,USB集線器,電腦周邊,校園團購,650,27,0
114,2026-09-12,4,藍牙耳機,影音設備,網路商店,1800,12,1
115,2026-09-12,5,藍牙喇叭,影音設備,實體門市,1500,5,0
116,2026-09-12,6,網路攝影機,影音設備,校園團購,1100,16,0
117,2026-09-12,7,行動電源,行動配件,網路商店,900,12,1
118,2026-09-12,8,手機支架,行動配件,實體門市,300,23,0
119,2026-09-12,9,充電器,行動配件,校園團購,700,16,0
120,2026-09-12,10,筆電支架,電腦周邊,網路商店,800,9,0
121,2026-09-13,1,無線滑鼠,電腦周邊,實體門市,500,12,0
122,2026-09-13,2,機械鍵盤,電腦周邊,校園團購,1200,23,0
123,2026-09-13,3,USB集線器,電腦周邊,網路商店,650,16,0
124,2026-09-13,4,藍牙耳機,影音設備,實體門市,1800,19,1
125,2026-09-13,5,藍牙喇叭,影音設備,校園團購,1500,12,0
126,2026-09-13,6,網路攝影機,影音設備,網路商店,1100,5,1
127,2026-09-13,7,行動電源,行動配件,實體門市,900,19,0
128,2026-09-13,8,手機支架,行動配件,校園團購,300,12,0
129,2026-09-13,9,充電器,行動配件,網路商店,700,23,0
130,2026-09-13,10,筆電支架,電腦周邊,實體門市,800,16,0
131,2026-09-14,1,無線滑鼠,電腦周邊,校園團購,500,19,0
132,2026-09-14,2,機械鍵盤,電腦周邊,網路商店,1200,12,0
133,2026-09-14,3,USB集線器,電腦周邊,實體門市,650,23,0
134,2026-09-14,4,藍牙耳機,影音設備,校園團購,1800,8,1
135,2026-09-14,5,藍牙喇叭,影音設備,網路商店,1500,19,1
136,2026-09-14,6,網路攝影機,影音設備,實體門市,1100,12,0
137,2026-09-14,7,行動電源,行動配件,校園團購,900,8,0
138,2026-09-14,8,手機支架,行動配件,網路商店,300,19,0
139,2026-09-14,9,充電器,行動配件,實體門市,700,12,0
140,2026-09-14,10,筆電支架,電腦周邊,校園團購,800,23,0
141,2026-09-15,1,無線滑鼠,電腦周邊,網路商店,500,26,0
142,2026-09-15,2,機械鍵盤,電腦周邊,實體門市,1200,19,0
143,2026-09-15,3,USB集線器,電腦周邊,校園團購,650,12,0
144,2026-09-15,4,藍牙耳機,影音設備,網路商店,1800,15,2
145,2026-09-15,5,藍牙喇叭,影音設備,實體門市,1500,8,0
146,2026-09-15,6,網路攝影機,影音設備,校園團購,1100,19,0
147,2026-09-15,7,行動電源,行動配件,網路商店,900,15,0
148,2026-09-15,8,手機支架,行動配件,實體門市,300,8,0
149,2026-09-15,9,充電器,行動配件,校園團購,700,19,0
150,2026-09-15,10,筆電支架,電腦周邊,網路商店,800,12,0
151,2026-09-16,1,無線滑鼠,電腦周邊,實體門市,500,15,0
152,2026-09-16,2,機械鍵盤,電腦周邊,校園團購,1200,26,0
153,2026-09-16,3,USB集線器,電腦周邊,網路商店,650,19,1
154,2026-09-16,4,藍牙耳機,影音設備,實體門市,1800,4,1
155,2026-09-16,5,藍牙喇叭,影音設備,校園團購,1500,15,0
156,2026-09-16,6,網路攝影機,影音設備,網路商店,1100,8,0
157,2026-09-16,7,行動電源,行動配件,實體門市,900,22,0
158,2026-09-16,8,手機支架,行動配件,校園團購,300,15,0
159,2026-09-16,9,充電器,行動配件,網路商店,700,8,0
160,2026-09-16,10,筆電支架,電腦周邊,實體門市,800,19,0
161,2026-09-17,1,無線滑鼠,電腦周邊,校園團購,500,22,0
162,2026-09-17,2,機械鍵盤,電腦周邊,網路商店,1200,15,1
163,2026-09-17,3,USB集線器,電腦周邊,實體門市,650,26,0
164,2026-09-17,4,藍牙耳機,影音設備,校園團購,1800,11,1
165,2026-09-17,5,藍牙喇叭,影音設備,網路商店,1500,4,0
166,2026-09-17,6,網路攝影機,影音設備,實體門市,1100,15,0
167,2026-09-17,7,行動電源,行動配件,校園團購,900,11,0
168,2026-09-17,8,手機支架,行動配件,網路商店,300,22,0
169,2026-09-17,9,充電器,行動配件,實體門市,700,15,0
170,2026-09-17,10,筆電支架,電腦周邊,校園團購,800,8,0
171,2026-09-18,1,無線滑鼠,電腦周邊,網路商店,500,11,1
172,2026-09-18,2,機械鍵盤,電腦周邊,實體門市,1200,22,0
173,2026-09-18,3,USB集線器,電腦周邊,校園團購,650,15,0
174,2026-09-18,4,藍牙耳機,影音設備,網路商店,1800,18,1
175,2026-09-18,5,藍牙喇叭,影音設備,實體門市,1500,11,0
176,2026-09-18,6,網路攝影機,影音設備,校園團購,1100,4,0
177,2026-09-18,7,行動電源,行動配件,網路商店,900,18,0
178,2026-09-18,8,手機支架,行動配件,實體門市,300,11,0
179,2026-09-18,9,充電器,行動配件,校園團購,700,22,0
180,2026-09-18,10,筆電支架,電腦周邊,網路商店,800,15,1
181,2026-09-19,1,無線滑鼠,電腦周邊,實體門市,500,18,0
182,2026-09-19,2,機械鍵盤,電腦周邊,校園團購,1200,11,0
183,2026-09-19,3,USB集線器,電腦周邊,網路商店,650,22,0
184,2026-09-19,4,藍牙耳機,影音設備,實體門市,1800,7,1
185,2026-09-19,5,藍牙喇叭,影音設備,校園團購,1500,18,0
186,2026-09-19,6,網路攝影機,影音設備,網路商店,1100,11,0
187,2026-09-19,7,行動電源,行動配件,實體門市,900,7,0
188,2026-09-19,8,手機支架,行動配件,校園團購,300,18,0
189,2026-09-19,9,充電器,行動配件,網路商店,700,11,1
190,2026-09-19,10,筆電支架,電腦周邊,實體門市,800,22,0
191,2026-09-20,1,無線滑鼠,電腦周邊,校園團購,500,25,0
192,2026-09-20,2,機械鍵盤,電腦周邊,網路商店,1200,18,0
193,2026-09-20,3,USB集線器,電腦周邊,實體門市,650,11,0
194,2026-09-20,4,藍牙耳機,影音設備,校園團購,1800,14,1
195,2026-09-20,5,藍牙喇叭,影音設備,網路商店,1500,7,0
196,2026-09-20,6,網路攝影機,影音設備,實體門市,1100,18,0
197,2026-09-20,7,行動電源,行動配件,校園團購,900,14,0
198,2026-09-20,8,手機支架,行動配件,網路商店,300,7,1
199,2026-09-20,9,充電器,行動配件,實體門市,700,18,0
200,2026-09-20,10,筆電支架,電腦周邊,校園團購,800,11,0
201,2026-09-21,1,無線滑鼠,電腦周邊,網路商店,500,14,0
202,2026-09-21,2,機械鍵盤,電腦周邊,實體門市,1200,25,0
203,2026-09-21,3,USB集線器,電腦周邊,校園團購,650,18,0
204,2026-09-21,4,藍牙耳機,影音設備,網路商店,1800,3,1
205,2026-09-21,5,藍牙喇叭,影音設備,實體門市,1500,14,0
206,2026-09-21,6,網路攝影機,影音設備,校園團購,1100,7,0
207,2026-09-21,7,行動電源,行動配件,網路商店,900,21,1
208,2026-09-21,8,手機支架,行動配件,實體門市,300,14,0
209,2026-09-21,9,充電器,行動配件,校園團購,700,7,0
210,2026-09-21,10,筆電支架,電腦周邊,網路商店,800,18,0
211,2026-09-22,1,無線滑鼠,電腦周邊,實體門市,500,21,0
212,2026-09-22,2,機械鍵盤,電腦周邊,校園團購,1200,14,0
213,2026-09-22,3,USB集線器,電腦周邊,網路商店,650,25,0
214,2026-09-22,4,藍牙耳機,影音設備,實體門市,1800,10,1
215,2026-09-22,5,藍牙喇叭,影音設備,校園團購,1500,3,0
216,2026-09-22,6,網路攝影機,影音設備,網路商店,1100,14,1
217,2026-09-22,7,行動電源,行動配件,實體門市,900,10,0
218,2026-09-22,8,手機支架,行動配件,校園團購,300,21,0
219,2026-09-22,9,充電器,行動配件,網路商店,700,14,0
220,2026-09-22,10,筆電支架,電腦周邊,實體門市,800,7,0
221,2026-09-23,1,無線滑鼠,電腦周邊,校園團購,500,28,0
222,2026-09-23,2,機械鍵盤,電腦周邊,網路商店,1200,21,0
223,2026-09-23,3,USB集線器,電腦周邊,實體門市,650,14,0
224,2026-09-23,4,藍牙耳機,影音設備,校園團購,1800,17,1
225,2026-09-23,5,藍牙喇叭,影音設備,網路商店,1500,10,1
226,2026-09-23,6,網路攝影機,影音設備,實體門市,1100,3,0
227,2026-09-23,7,行動電源,行動配件,校園團購,900,17,0
228,2026-09-23,8,手機支架,行動配件,網路商店,300,10,0
229,2026-09-23,9,充電器,行動配件,實體門市,700,21,0
230,2026-09-23,10,筆電支架,電腦周邊,校園團購,800,14,0
231,2026-09-24,1,無線滑鼠,電腦周邊,網路商店,500,17,0
232,2026-09-24,2,機械鍵盤,電腦周邊,實體門市,1200,28,0
233,2026-09-24,3,USB集線器,電腦周邊,校園團購,650,21,0
234,2026-09-24,4,藍牙耳機,影音設備,網路商店,1800,6,2
235,2026-09-24,5,藍牙喇叭,影音設備,實體門市,1500,17,0
236,2026-09-24,6,網路攝影機,影音設備,校園團購,1100,10,0
237,2026-09-24,7,行動電源,行動配件,網路商店,900,6,0
238,2026-09-24,8,手機支架,行動配件,實體門市,300,17,0
239,2026-09-24,9,充電器,行動配件,校園團購,700,10,0
240,2026-09-24,10,筆電支架,電腦周邊,網路商店,800,21,0
241,2026-09-25,1,無線滑鼠,電腦周邊,實體門市,500,24,0
242,2026-09-25,2,機械鍵盤,電腦周邊,校園團購,1200,17,0
243,2026-09-25,3,USB集線器,電腦周邊,網路商店,650,28,1
244,2026-09-25,4,藍牙耳機,影音設備,實體門市,1800,13,1
245,2026-09-25,5,藍牙喇叭,影音設備,校園團購,1500,6,0
246,2026-09-25,6,網路攝影機,影音設備,網路商店,1100,17,0
247,2026-09-25,7,行動電源,行動配件,實體門市,900,13,0
248,2026-09-25,8,手機支架,行動配件,校園團購,300,6,0
249,2026-09-25,9,充電器,行動配件,網路商店,700,17,0
250,2026-09-25,10,筆電支架,電腦周邊,實體門市,800,10,0
251,2026-09-26,1,無線滑鼠,電腦周邊,校園團購,500,13,0
252,2026-09-26,2,機械鍵盤,電腦周邊,網路商店,1200,24,1
253,2026-09-26,3,USB集線器,電腦周邊,實體門市,650,17,0
254,2026-09-26,4,藍牙耳機,影音設備,校園團購,1800,20,1
255,2026-09-26,5,藍牙喇叭,影音設備,網路商店,1500,13,0
256,2026-09-26,6,網路攝影機,影音設備,實體門市,1100,6,0
257,2026-09-26,7,行動電源,行動配件,校園團購,900,20,0
258,2026-09-26,8,手機支架,行動配件,網路商店,300,13,0
259,2026-09-26,9,充電器,行動配件,實體門市,700,6,0
260,2026-09-26,10,筆電支架,電腦周邊,校園團購,800,17,0
261,2026-09-27,1,無線滑鼠,電腦周邊,網路商店,500,20,1
262,2026-09-27,2,機械鍵盤,電腦周邊,實體門市,1200,13,0
263,2026-09-27,3,USB集線器,電腦周邊,校園團購,650,24,0
264,2026-09-27,4,藍牙耳機,影音設備,網路商店,1800,9,1
265,2026-09-27,5,藍牙喇叭,影音設備,實體門市,1500,20,0
266,2026-09-27,6,網路攝影機,影音設備,校園團購,1100,13,0
267,2026-09-27,7,行動電源,行動配件,網路商店,900,9,0
268,2026-09-27,8,手機支架,行動配件,實體門市,300,20,0
269,2026-09-27,9,充電器,行動配件,校園團購,700,13,0
270,2026-09-27,10,筆電支架,電腦周邊,網路商店,800,6,1
271,2026-09-28,1,無線滑鼠,電腦周邊,實體門市,500,27,0
272,2026-09-28,2,機械鍵盤,電腦周邊,校園團購,1200,20,0
273,2026-09-28,3,USB集線器,電腦周邊,網路商店,650,13,0
274,2026-09-28,4,藍牙耳機,影音設備,實體門市,1800,16,1
275,2026-09-28,5,藍牙喇叭,影音設備,校園團購,1500,9,0
276,2026-09-28,6,網路攝影機,影音設備,網路商店,1100,20,0
277,2026-09-28,7,行動電源,行動配件,實體門市,900,16,0
278,2026-09-28,8,手機支架,行動配件,校園團購,300,9,0
279,2026-09-28,9,充電器,行動配件,網路商店,700,20,1
280,2026-09-28,10,筆電支架,電腦周邊,實體門市,800,13,0
281,2026-09-29,1,無線滑鼠,電腦周邊,校園團購,500,16,0
282,2026-09-29,2,機械鍵盤,電腦周邊,網路商店,1200,27,0
283,2026-09-29,3,USB集線器,電腦周邊,實體門市,650,20,0
284,2026-09-29,4,藍牙耳機,影音設備,校園團購,1800,5,1
285,2026-09-29,5,藍牙喇叭,影音設備,網路商店,1500,16,0
286,2026-09-29,6,網路攝影機,影音設備,實體門市,1100,9,0
287,2026-09-29,7,行動電源,行動配件,校園團購,900,23,0
288,2026-09-29,8,手機支架,行動配件,網路商店,300,16,1
289,2026-09-29,9,充電器,行動配件,實體門市,700,9,0
290,2026-09-29,10,筆電支架,電腦周邊,校園團購,800,20,0
291,2026-09-30,1,無線滑鼠,電腦周邊,網路商店,500,23,0
292,2026-09-30,2,機械鍵盤,電腦周邊,實體門市,1200,16,0
293,2026-09-30,3,USB集線器,電腦周邊,校園團購,650,27,0
294,2026-09-30,4,藍牙耳機,影音設備,網路商店,1800,12,1
295,2026-09-30,5,藍牙喇叭,影音設備,實體門市,1500,5,0
296,2026-09-30,6,網路攝影機,影音設備,校園團購,1100,16,0
297,2026-09-30,7,行動電源,行動配件,網路商店,900,12,1
298,2026-09-30,8,手機支架,行動配件,實體門市,300,23,0
299,2026-09-30,9,充電器,行動配件,校園團購,700,16,0
300,2026-09-30,10,筆電支架,電腦周邊,網路商店,800,9,0
